group,partno,matched partno,cue,target,expnorm,judgment,fsg,bsg
exp,608,386,assist,assistant,3,2,,
exp,608,386,assist,motorist,4,3,,
exp,608,386,bashful,dwarf,4,2,,
exp,608,386,bashful,shy,5,5,,
exp,608,386,before,after,5,4,,
exp,608,386,before,beginning,3,4,,
exp,608,386,before,photo,1,2,,
exp,608,386,before,previous,4,2,,
exp,608,386,before,start,2,4,,
exp,608,386,beginning,middle,3,3,,
exp,608,386,body,ache,5,5,,
exp,608,386,body,cast,1,2,,
exp,608,386,body,leg,3,3,,
exp,608,386,break,coffee,3,4,,
exp,608,386,break,union,2,3,,
exp,608,386,car,drive,3,3,,
exp,608,386,car,mechanic,1,2,,
exp,608,386,car,port,2,2,,
exp,608,386,car,vehicle,4,2,,
exp,608,386,casual,friday,5,4,,
exp,608,386,casual,relaxed,4,3,,
exp,608,386,challenge,class,1,3,,
exp,608,386,challenge,hard,4,3,,
exp,608,386,challenge,overcome,2,1,,
exp,608,386,chowder,clam,5,5,,
exp,608,386,chowder,gross,3,2,,
exp,608,386,chowder,nasty,2,2,,
exp,608,386,cinema,movie,5,5,,
exp,608,386,cinema,ticket,1,4,,
exp,608,386,closed,caption,2,4,,
exp,608,386,closed,captions,1,4,,
exp,608,386,closed,door,5,4,,
exp,608,386,closed,open,3,4,,
exp,608,386,cloth,needle,4,5,,
exp,608,386,cloth,silk,1,1,,
exp,608,386,cloth,thread,4,5,,
exp,608,386,common,cold,5,4,,
exp,608,386,common,plentiful,2,2,,
exp,608,386,common,type,1,1,,
exp,608,386,computer,mouse,4,4,,
exp,608,386,computer,problems,2,1,,
exp,608,386,dancer,jazz,4,3,,
exp,608,386,difficult,easy,2,1,,
exp,608,386,difficult,hard,5,5,,
exp,608,386,difficult,task,1,3,,
exp,608,386,melody,chords,2,2,,
exp,608,386,melody,notes,3,3,,
exp,608,386,organize,desk,3,4,,
exp,608,386,organize,order,1,3,,
exp,608,386,pupil,eye,5,5,,
matched,708,386,assist,assistant,3,2,,
matched,708,386,assist,motorist,4,3,,
matched,708,386,bashful,dwarf,4,2,,
matched,708,386,bashful,shy,5,2,,
matched,708,386,before,after,5,2,,
matched,708,386,before,beginning,3,3,,
matched,708,386,before,photo,1,1,,
matched,708,386,before,previous,4,1,,
matched,708,386,before,start,2,1,,
matched,708,386,beginning,middle,3,2,,
matched,708,386,body,ache,5,2,,
matched,708,386,body,cast,1,1,,
matched,708,386,body,leg,3,2,,
matched,708,386,break,coffee,3,2,,
matched,708,386,break,union,2,2,,
matched,708,386,car,drive,3,2,,
matched,708,386,car,mechanic,1,4,,
matched,708,386,car,port,2,2,,
matched,708,386,car,vehicle,4,3,,
matched,708,386,casual,friday,5,2,,
matched,708,386,casual,relaxed,4,2,,
matched,708,386,challenge,class,1,2,,
matched,708,386,challenge,hard,4,3,,
matched,708,386,challenge,overcome,2,2,,
matched,708,386,chowder,clam,5,3,,
matched,708,386,chowder,gross,3,1,,
matched,708,386,chowder,nasty,2,3,,
matched,708,386,cinema,movie,5,2,,
matched,708,386,cinema,ticket,1,3,,
matched,708,386,closed,caption,2,2,,
matched,708,386,closed,captions,1,3,,
matched,708,386,closed,door,5,3,,
matched,708,386,closed,open,3,1,,
matched,708,386,cloth,needle,4,1,,
matched,708,386,cloth,silk,1,3,,
matched,708,386,cloth,thread,4,3,,
matched,708,386,common,cold,5,1,,
matched,708,386,common,plentiful,2,2,,
matched,708,386,common,type,1,1,,
matched,708,386,computer,mouse,4,1,,
matched,708,386,computer,problems,2,1,,
matched,708,386,dancer,jazz,4,2,,
matched,708,386,difficult,easy,2,2,,
matched,708,386,difficult,hard,5,1,,
matched,708,386,difficult,task,1,3,,
matched,708,386,melody,chords,2,3,,
matched,708,386,melody,notes,3,3,,
matched,708,386,organize,desk,3,1,,
matched,708,386,organize,order,1,2,,
matched,708,386,pupil,eye,5,3,,
exp,563,341,assist,kind,3,4,,
exp,563,341,assist,lend,2,5,,
exp,563,341,bashful,lonely,1,3,,
exp,563,341,bashful,white,4,4,,
exp,563,341,before,time,3,3,,
exp,563,341,beginning,end,5,5,,
exp,563,341,body,anatomy,5,5,,
exp,563,341,body,arm,1,4,,
exp,563,341,body,human,3,3,,
exp,563,341,break,clock,1,2,,
exp,563,341,break,stop,4,3,,
exp,563,341,break,time,5,5,,
exp,563,341,car,travel,1,1,,
exp,563,341,car,vehicle,2,5,,
exp,563,341,casual,jeans,3,3,,
exp,563,341,casual,laid,4,2,,
exp,563,341,casual,shoes,2,2,,
exp,563,341,challenge,difficult,5,5,,
exp,563,341,challenge,hard,4,5,,
exp,563,341,challenge,physical,3,1,,
exp,563,341,chowder,thick,2,5,,
exp,563,341,chowder,white,5,5,,
exp,563,341,cinema,expensive,2,2,,
exp,563,341,cinema,movie,5,5,,
exp,563,341,cinema,seat,1,1,,
exp,563,341,cinema,ticket,4,4,,
exp,563,341,closed,shut,4,5,,
exp,563,341,closed,time,2,4,,
exp,563,341,closed,unopen,1,3,,
exp,563,341,cloth,machine,2,4,,
exp,563,341,cloth,sewing,3,3,,
exp,563,341,cloth,soft,1,4,,
exp,563,341,common,boring,4,5,,
exp,563,341,common,plain,3,2,,
exp,563,341,computer,information,4,5,,
exp,563,341,computer,keyboard,3,3,,
exp,563,341,computer,microsoft,1,1,,
exp,563,341,dancer,graceful,4,5,,
exp,563,341,dancer,movement,2,4,,
exp,563,341,dancer,tutu,3,2,,
exp,563,341,difficult,challenging,2,5,,
exp,563,341,difficult,hard,5,5,,
exp,563,341,difficult,tough,3,5,,
exp,563,341,difficult,unwanted,4,5,,
exp,563,341,melody,radio,1,2,,
exp,563,341,melody,song,5,5,,
exp,563,341,organize,clean,5,4,,
exp,563,341,organize,clear,2,5,,
exp,563,341,organize,clutter,1,1,,
exp,563,341,pupil,eye,5,4,,
matched,663,341,assist,kind,3,1,,
matched,663,341,assist,lend,2,1,,
matched,663,341,bashful,lonely,1,1,,
matched,663,341,bashful,white,4,3,,
matched,663,341,before,time,3,2,,
matched,663,341,beginning,end,5,5,,
matched,663,341,body,anatomy,5,5,,
matched,663,341,body,arm,1,2,,
matched,663,341,body,human,3,3,,
matched,663,341,break,clock,1,2,,
matched,663,341,break,stop,4,2,,
matched,663,341,break,time,5,5,,
matched,663,341,car,travel,1,3,,
matched,663,341,car,vehicle,2,3,,
matched,663,341,casual,jeans,3,4,,
matched,663,341,casual,laid,4,1,,
matched,663,341,casual,shoes,2,5,,
matched,663,341,challenge,difficult,5,5,,
matched,663,341,challenge,hard,4,3,,
matched,663,341,challenge,physical,3,3,,
matched,663,341,chowder,thick,2,2,,
matched,663,341,chowder,white,5,5,,
matched,663,341,cinema,expensive,2,5,,
matched,663,341,cinema,movie,5,5,,
matched,663,341,cinema,seat,1,1,,
matched,663,341,cinema,ticket,4,4,,
matched,663,341,closed,shut,4,4,,
matched,663,341,closed,time,2,5,,
matched,663,341,closed,unopen,1,2,,
matched,663,341,cloth,machine,2,2,,
matched,663,341,cloth,sewing,3,1,,
matched,663,341,cloth,soft,1,3,,
matched,663,341,common,boring,4,4,,
matched,663,341,common,plain,3,3,,
matched,663,341,computer,information,4,3,,
matched,663,341,computer,keyboard,3,4,,
matched,663,341,computer,microsoft,1,2,,
matched,663,341,dancer,graceful,4,3,,
matched,663,341,dancer,movement,2,2,,
matched,663,341,dancer,tutu,3,3,,
matched,663,341,difficult,challenging,2,4,,
matched,663,341,difficult,hard,5,5,,
matched,663,341,difficult,tough,3,4,,
matched,663,341,difficult,unwanted,4,2,,
matched,663,341,melody,radio,1,1,,
matched,663,341,melody,song,5,5,,
matched,663,341,organize,clean,5,5,,
matched,663,341,organize,clear,2,4,,
matched,663,341,organize,clutter,1,2,,
matched,663,341,pupil,eye,5,5,,
exp,584,362,assist,aid,4,5,,
exp,584,362,bashful,blush,1,5,,
exp,584,362,bashful,embarrassed,3,4,,
exp,584,362,bashful,shy,5,5,,
exp,584,362,before,beginning,3,5,,
exp,584,362,before,end,2,3,,
exp,584,362,before,like,1,1,,
exp,584,362,before,time,5,5,,
exp,584,362,beginning,before,2,5,,
exp,584,362,beginning,circle,4,2,,
exp,584,362,beginning,end,5,4,,
exp,584,362,body,mass,1,2,,
exp,584,362,body,parts,3,4,,
exp,584,362,break,hour,1,1,,
exp,584,362,break,room,2,3,,
exp,584,362,break,time,3,4,,
exp,584,362,car,horn,4,2,,
exp,584,362,car,tire,1,3,,
exp,584,362,casual,dress,4,3,,
exp,584,362,casual,formal,3,3,,
exp,584,362,casual,nonchalant,2,1,,
exp,584,362,challenge,annoying,1,1,,
exp,584,362,challenge,difficult,5,5,,
exp,584,362,challenge,easy,4,5,,
exp,584,362,challenge,medium,3,5,,
exp,584,362,challenge,obstacle,2,4,,
exp,584,362,chowder,chicken,4,4,,
exp,584,362,chowder,clam,5,5,,
exp,584,362,chowder,meat,2,2,,
exp,584,362,closed,door,5,4,,
exp,584,362,cloth,string,4,3,,
exp,584,362,common,knowledge,3,3,,
exp,584,362,common,popular,5,4,,
exp,584,362,common,room,2,4,,
exp,584,362,computer,keys,2,2,,
exp,584,362,computer,mouse,5,4,,
exp,584,362,computer,nerd,1,3,,
exp,584,362,computer,screen,3,4,,
exp,584,362,dancer,ballet,4,4,,
exp,584,362,dancer,music,2,3,,
exp,584,362,difficult,easy,3,5,,
exp,584,362,difficult,hard,4,4,,
exp,584,362,difficult,people,1,2,,
exp,584,362,melody,singing,2,2,,
exp,584,362,melody,tune,5,3,,
exp,584,362,organize,detail,3,5,,
exp,584,362,organize,planner,1,1,,
exp,584,362,pupil,color,1,4,,
exp,584,362,pupil,eye,5,4,,
exp,584,362,pupil,iris,4,1,,
matched,684,362,assist,aid,4,4,,
matched,684,362,bashful,blush,1,2,,
matched,684,362,bashful,embarrassed,3,3,,
matched,684,362,bashful,shy,5,3,,
matched,684,362,before,beginning,3,5,,
matched,684,362,before,end,2,5,,
matched,684,362,before,like,1,2,,
matched,684,362,before,time,5,3,,
matched,684,362,beginning,before,2,5,,
matched,684,362,beginning,circle,4,1,,
matched,684,362,beginning,end,5,5,,
matched,684,362,body,mass,1,2,,
matched,684,362,body,parts,3,3,,
matched,684,362,break,hour,1,3,,
matched,684,362,break,room,2,4,,
matched,684,362,break,time,3,5,,
matched,684,362,car,horn,4,5,,
matched,684,362,car,tire,1,4,,
matched,684,362,casual,dress,4,3,,
matched,684,362,casual,formal,3,5,,
matched,684,362,casual,nonchalant,2,5,,
matched,684,362,challenge,annoying,1,2,,
matched,684,362,challenge,difficult,5,3,,
matched,684,362,challenge,easy,4,3,,
matched,684,362,challenge,medium,3,3,,
matched,684,362,challenge,obstacle,2,3,,
matched,684,362,chowder,chicken,4,1,,
matched,684,362,chowder,clam,5,5,,
matched,684,362,chowder,meat,2,1,,
matched,684,362,closed,door,5,3,,
matched,684,362,cloth,string,4,4,,
matched,684,362,common,knowledge,3,3,,
matched,684,362,common,popular,5,4,,
matched,684,362,common,room,2,2,,
matched,684,362,computer,keys,2,4,,
matched,684,362,computer,mouse,5,5,,
matched,684,362,computer,nerd,1,2,,
matched,684,362,computer,screen,3,5,,
matched,684,362,dancer,ballet,4,2,,
matched,684,362,dancer,music,2,5,,
matched,684,362,difficult,easy,3,5,,
matched,684,362,difficult,hard,4,5,,
matched,684,362,difficult,people,1,3,,
matched,684,362,melody,singing,2,5,,
matched,684,362,melody,tune,5,3,,
matched,684,362,organize,detail,3,3,,
matched,684,362,organize,planner,1,4,,
matched,684,362,pupil,color,1,2,,
matched,684,362,pupil,eye,5,3,,
matched,684,362,pupil,iris,4,1,,
exp,589,367,assist,aide,4,3,,
exp,589,367,assist,effort,1,2,,
exp,589,367,assist,help,3,3,,
exp,589,367,bashful,awkward,1,1,,
exp,589,367,bashful,blushing,2,1,,
exp,589,367,bashful,introverted,2,2,,
exp,589,367,bashful,shy,3,3,,
exp,589,367,bashful,sweet,1,1,,
exp,589,367,before,earlier,3,2,,
exp,589,367,before,first,4,3,,
exp,589,367,before,past,2,2,,
exp,589,367,before,sooner,2,2,,
exp,589,367,beginning,early,2,3,,
exp,589,367,beginning,fresh,3,2,,
exp,589,367,beginning,new,3,2,,
exp,589,367,beginning,start,4,2,,
exp,589,367,beginning,young,2,2,,
exp,589,367,body,form,3,2,,
exp,589,367,body,water,2,2,,
exp,589,367,body,whole,3,2,,
exp,589,367,break,snap,3,2,,
exp,589,367,casual,comfortable,3,2,,
exp,589,367,casual,easy,3,2,,
exp,589,367,casual,light,3,2,,
exp,589,367,casual,relaxed,2,1,,
exp,589,367,challenge,assignment,1,1,,
exp,589,367,challenge,competition,1,2,,
exp,589,367,challenge,dare,2,1,,
exp,589,367,chowder,spoons,1,1,,
exp,589,367,cinema,movie,2,2,,
exp,589,367,closed,blocked,2,1,,
exp,589,367,closed,finished,3,3,,
exp,589,367,closed,out,1,1,,
exp,589,367,closed,shut,3,3,,
exp,589,367,cloth,comfortable,1,2,,
exp,589,367,cloth,material,2,3,,
exp,589,367,cloth,soft,1,3,,
exp,589,367,common,usual,3,3,,
exp,589,367,computer,entertainment,1,2,,
exp,589,367,computer,tool,1,1,,
exp,589,367,dancer,beat,1,2,,
exp,589,367,difficult,agonizing,1,1,,
exp,589,367,difficult,challenging,2,2,,
exp,589,367,difficult,complicated,1,1,,
exp,589,367,difficult,hard,2,3,,
exp,589,367,difficult,tough,3,2,,
exp,589,367,melody,notes,1,2,,
exp,589,367,organize,gather,1,2,,
exp,589,367,organize,sort,2,3,,
exp,589,367,pupil,student,2,3,,
matched,689,367,assist,aide,4,4,,
matched,689,367,assist,effort,1,2,,
matched,689,367,assist,help,3,5,,
matched,689,367,bashful,awkward,1,3,,
matched,689,367,bashful,blushing,2,2,,
matched,689,367,bashful,introverted,2,3,,
matched,689,367,bashful,shy,3,5,,
matched,689,367,bashful,sweet,1,2,,
matched,689,367,before,earlier,3,2,,
matched,689,367,before,first,4,2,,
matched,689,367,before,past,2,3,,
matched,689,367,before,sooner,2,4,,
matched,689,367,beginning,early,2,2,,
matched,689,367,beginning,fresh,3,2,,
matched,689,367,beginning,new,3,5,,
matched,689,367,beginning,start,4,5,,
matched,689,367,beginning,young,2,1,,
matched,689,367,body,form,3,3,,
matched,689,367,body,water,2,1,,
matched,689,367,body,whole,3,3,,
matched,689,367,break,snap,3,4,,
matched,689,367,casual,comfortable,3,5,,
matched,689,367,casual,easy,3,3,,
matched,689,367,casual,light,3,2,,
matched,689,367,casual,relaxed,2,4,,
matched,689,367,challenge,assignment,1,2,,
matched,689,367,challenge,competition,1,4,,
matched,689,367,challenge,dare,2,2,,
matched,689,367,chowder,spoons,1,2,,
matched,689,367,cinema,movie,2,5,,
matched,689,367,closed,blocked,2,2,,
matched,689,367,closed,finished,3,4,,
matched,689,367,closed,out,1,2,,
matched,689,367,closed,shut,3,5,,
matched,689,367,cloth,comfortable,1,3,,
matched,689,367,cloth,material,2,4,,
matched,689,367,cloth,soft,1,3,,
matched,689,367,common,usual,3,5,,
matched,689,367,computer,entertainment,1,3,,
matched,689,367,computer,tool,1,2,,
matched,689,367,dancer,beat,1,4,,
matched,689,367,difficult,agonizing,1,1,,
matched,689,367,difficult,challenging,2,3,,
matched,689,367,difficult,complicated,1,5,,
matched,689,367,difficult,hard,2,5,,
matched,689,367,difficult,tough,3,4,,
matched,689,367,melody,notes,1,3,,
matched,689,367,organize,gather,1,5,,
matched,689,367,organize,sort,2,5,,
matched,689,367,pupil,student,2,5,,
exp,585,363,assist,goal,2,1,,
exp,585,363,assist,helper,4,4,,
exp,585,363,assist,manager,1,1,,
exp,585,363,bashful,red,4,4,,
exp,585,363,bashful,scared,1,2,,
exp,585,363,before,after,5,5,,
exp,585,363,before,beginning,4,5,,
exp,585,363,before,pre,3,3,,
exp,585,363,before,prerequisite,1,1,,
exp,585,363,beginning,after,2,5,,
exp,585,363,beginning,end,4,5,,
exp,585,363,beginning,life,3,2,,
exp,585,363,body,skinny,4,5,,
exp,585,363,break,out,4,1,,
exp,585,363,break,snapped,1,1,,
exp,585,363,car,engine,4,5,,
exp,585,363,car,machine,1,4,,
exp,585,363,car,storage,3,4,,
exp,585,363,car,transportation,5,5,,
exp,585,363,casual,comfortable,1,4,,
exp,585,363,casual,same,3,3,,
exp,585,363,challenge,difficult,2,5,,
exp,585,363,challenge,goal,5,4,,
exp,585,363,chowder,clam,2,4,,
exp,585,363,chowder,soup,5,4,,
exp,585,363,chowder,white,3,2,,
exp,585,363,cinema,candy,5,5,,
exp,585,363,closed,jammed,1,1,,
exp,585,363,closed,locked,3,4,,
exp,585,363,closed,occupied,1,2,,
exp,585,363,cloth,colorful,3,2,,
exp,585,363,cloth,small,5,3,,
exp,585,363,cloth,soft,4,4,,
exp,585,363,cloth,towel,2,2,,
exp,585,363,common,normal,3,4,,
exp,585,363,common,qualities,2,2,,
exp,585,363,computer,hard,4,4,,
exp,585,363,computer,information,2,5,,
exp,585,363,computer,internet,5,5,,
exp,585,363,dancer,talent,1,5,,
exp,585,363,difficult,hard,5,5,,
exp,585,363,difficult,life,2,4,,
exp,585,363,melody,composer,3,4,,
exp,585,363,melody,music,5,5,,
exp,585,363,melody,piano,1,1,,
exp,585,363,melody,rhythm,2,5,,
exp,585,363,organize,clean,4,4,,
exp,585,363,organize,together,3,2,,
exp,585,363,pupil,color,2,5,,
exp,585,363,pupil,dilate,5,5,,
matched,685,363,assist,goal,2,5,,
matched,685,363,assist,helper,4,4,,
matched,685,363,assist,manager,1,3,,
matched,685,363,bashful,red,4,4,,
matched,685,363,bashful,scared,1,3,,
matched,685,363,before,after,5,5,,
matched,685,363,before,beginning,4,5,,
matched,685,363,before,pre,3,4,,
matched,685,363,before,prerequisite,1,3,,
matched,685,363,beginning,after,2,5,,
matched,685,363,beginning,end,4,5,,
matched,685,363,beginning,life,3,4,,
matched,685,363,body,skinny,4,4,,
matched,685,363,break,out,4,5,,
matched,685,363,break,snapped,1,2,,
matched,685,363,car,engine,4,4,,
matched,685,363,car,machine,1,3,,
matched,685,363,car,storage,3,2,,
matched,685,363,car,transportation,5,5,,
matched,685,363,casual,comfortable,1,4,,
matched,685,363,casual,same,3,4,,
matched,685,363,challenge,difficult,2,5,,
matched,685,363,challenge,goal,5,5,,
matched,685,363,chowder,clam,2,5,,
matched,685,363,chowder,soup,5,5,,
matched,685,363,chowder,white,3,3,,
matched,685,363,cinema,candy,5,3,,
matched,685,363,closed,jammed,1,1,,
matched,685,363,closed,locked,3,3,,
matched,685,363,closed,occupied,1,2,,
matched,685,363,cloth,colorful,3,2,,
matched,685,363,cloth,small,5,3,,
matched,685,363,cloth,soft,4,4,,
matched,685,363,cloth,towel,2,5,,
matched,685,363,common,normal,3,3,,
matched,685,363,common,qualities,2,5,,
matched,685,363,computer,hard,4,4,,
matched,685,363,computer,information,2,5,,
matched,685,363,computer,internet,5,5,,
matched,685,363,dancer,talent,1,4,,
matched,685,363,difficult,hard,5,5,,
matched,685,363,difficult,life,2,3,,
matched,685,363,melody,composer,3,3,,
matched,685,363,melody,music,5,5,,
matched,685,363,melody,piano,1,4,,
matched,685,363,melody,rhythm,2,4,,
matched,685,363,organize,clean,4,5,,
matched,685,363,organize,together,3,5,,
matched,685,363,pupil,color,2,5,,
matched,685,363,pupil,dilate,5,5,,
exp,601,379,assist,secretary,1,2,,
exp,601,379,assist,servant,2,2,,
exp,601,379,bashful,dwarf,1,2,,
exp,601,379,bashful,shy,5,5,,
exp,601,379,before,first,5,5,,
exp,601,379,before,last,2,5,,
exp,601,379,beginning,end,5,5,,
exp,601,379,beginning,last,3,5,,
exp,601,379,body,soul,3,2,,
exp,601,379,body,torso,1,1,,
exp,601,379,break,broken,3,3,,
exp,601,379,break,cracked,4,3,,
exp,601,379,break,torn,2,1,,
exp,601,379,car,drive,1,5,,
exp,601,379,car,roads,3,3,,
exp,601,379,car,travel,4,4,,
exp,601,379,casual,clothes,4,3,,
exp,601,379,casual,jeans,2,2,,
exp,601,379,casual,normal,5,5,,
exp,601,379,casual,picnics,1,2,,
exp,601,379,challenge,difficult,3,4,,
exp,601,379,challenge,hard,5,4,,
exp,601,379,challenge,risk,1,2,,
exp,601,379,chowder,clam,4,5,,
exp,601,379,chowder,corn,3,5,,
exp,601,379,chowder,thick,5,5,,
exp,601,379,cinema,movies,3,5,,
exp,601,379,closed,doors,5,5,,
exp,601,379,closed,windows,4,4,,
exp,601,379,cloth,towel,2,3,,
exp,601,379,common,frequent,4,4,,
exp,601,379,common,normal,2,5,,
exp,601,379,common,regularly,1,3,,
exp,601,379,computer,internet,1,3,,
exp,601,379,computer,monitor,5,5,,
exp,601,379,computer,mouse,3,4,,
exp,601,379,computer,screen,2,4,,
exp,601,379,dancer,performer,4,4,,
exp,601,379,dancer,stage,2,3,,
exp,601,379,difficult,easy,3,5,,
exp,601,379,difficult,hard,5,5,,
exp,601,379,difficult,school,1,2,,
exp,601,379,difficult,tests,4,3,,
exp,601,379,melody,song,1,5,,
exp,601,379,organize,clean,5,5,,
exp,601,379,organize,files,3,2,,
exp,601,379,organize,neat,4,3,,
exp,601,379,organize,tidy,2,2,,
exp,601,379,pupil,iris,4,4,,
exp,601,379,pupil,retina,2,3,,
matched,701,379,assist,secretary,1,5,,
matched,701,379,assist,servant,2,3,,
matched,701,379,bashful,dwarf,1,2,,
matched,701,379,bashful,shy,5,4,,
matched,701,379,before,first,5,5,,
matched,701,379,before,last,2,5,,
matched,701,379,beginning,end,5,5,,
matched,701,379,beginning,last,3,5,,
matched,701,379,body,soul,3,3,,
matched,701,379,body,torso,1,3,,
matched,701,379,break,broken,3,4,,
matched,701,379,break,cracked,4,4,,
matched,701,379,break,torn,2,4,,
matched,701,379,car,drive,1,5,,
matched,701,379,car,roads,3,4,,
matched,701,379,car,travel,4,4,,
matched,701,379,casual,clothes,4,3,,
matched,701,379,casual,jeans,2,3,,
matched,701,379,casual,normal,5,3,,
matched,701,379,casual,picnics,1,1,,
matched,701,379,challenge,difficult,3,4,,
matched,701,379,challenge,hard,5,3,,
matched,701,379,challenge,risk,1,3,,
matched,701,379,chowder,clam,4,3,,
matched,701,379,chowder,corn,3,3,,
matched,701,379,chowder,thick,5,3,,
matched,701,379,cinema,movies,3,4,,
matched,701,379,closed,doors,5,3,,
matched,701,379,closed,windows,4,3,,
matched,701,379,cloth,towel,2,4,,
matched,701,379,common,frequent,4,4,,
matched,701,379,common,normal,2,4,,
matched,701,379,common,regularly,1,3,,
matched,701,379,computer,internet,1,5,,
matched,701,379,computer,monitor,5,5,,
matched,701,379,computer,mouse,3,5,,
matched,701,379,computer,screen,2,5,,
matched,701,379,dancer,performer,4,4,,
matched,701,379,dancer,stage,2,4,,
matched,701,379,difficult,easy,3,5,,
matched,701,379,difficult,hard,5,4,,
matched,701,379,difficult,school,1,3,,
matched,701,379,difficult,tests,4,4,,
matched,701,379,melody,song,1,3,,
matched,701,379,organize,clean,5,5,,
matched,701,379,organize,files,3,4,,
matched,701,379,organize,neat,4,4,,
matched,701,379,organize,tidy,2,3,,
matched,701,379,pupil,iris,4,3,,
matched,701,379,pupil,retina,2,4,,
exp,593,371,assist,aid,3,5,,
exp,593,371,assist,cease,5,5,,
exp,593,371,assist,secretary,2,2,,
exp,593,371,bashful,blush,5,5,,
exp,593,371,bashful,cartoon,1,1,,
exp,593,371,bashful,flush,3,5,,
exp,593,371,bashful,shy,4,4,,
exp,593,371,bashful,stupid,2,3,,
exp,593,371,before,after,4,5,,
exp,593,371,before,book,3,4,,
exp,593,371,before,prepare,1,1,,
exp,593,371,beginning,book,5,5,,
exp,593,371,beginning,start,4,3,,
exp,593,371,body,bikini,1,1,,
exp,593,371,break,board,5,4,,
exp,593,371,car,red,4,2,,
exp,593,371,car,wheel,3,2,,
exp,593,371,car,wheels,2,3,,
exp,593,371,casual,business,2,4,,
exp,593,371,casual,comfortable,1,4,,
exp,593,371,casual,friday,4,5,,
exp,593,371,challenge,class,2,3,,
exp,593,371,challenge,course,3,4,,
exp,593,371,challenge,hard,1,5,,
exp,593,371,chowder,corn,5,5,,
exp,593,371,chowder,soup,5,5,,
exp,593,371,cinema,movie,4,5,,
exp,593,371,cinema,popcorn,1,1,,
exp,593,371,cinema,theater,5,5,,
exp,593,371,closed,business,1,1,,
exp,593,371,closed,closet,3,4,,
exp,593,371,closed,window,2,2,,
exp,593,371,cloth,diaper,1,1,,
exp,593,371,cloth,wash,3,4,,
exp,593,371,common,cards,1,2,,
exp,593,371,common,rare,2,4,,
exp,593,371,common,rotunda,3,2,,
exp,593,371,computer,keyboard,4,5,,
exp,593,371,computer,mouse,5,4,,
exp,593,371,dancer,body,5,5,,
exp,593,371,dancer,grace,4,3,,
exp,593,371,difficult,hard,3,5,,
exp,593,371,difficult,struggle,2,4,,
exp,593,371,melody,dolce,1,4,,
exp,593,371,melody,flute,2,2,,
exp,593,371,melody,harmony,4,3,,
exp,593,371,organize,binder,2,3,,
exp,593,371,organize,folder,3,4,,
exp,593,371,pupil,eye,5,5,,
exp,593,371,pupil,iris,4,5,,
matched,693,371,assist,aid,3,4,,
matched,693,371,assist,cease,5,3,,
matched,693,371,assist,secretary,2,3,,
matched,693,371,bashful,blush,5,3,,
matched,693,371,bashful,cartoon,1,5,,
matched,693,371,bashful,flush,3,2,,
matched,693,371,bashful,shy,4,4,,
matched,693,371,bashful,stupid,2,2,,
matched,693,371,before,after,4,5,,
matched,693,371,before,book,3,3,,
matched,693,371,before,prepare,1,3,,
matched,693,371,beginning,book,5,2,,
matched,693,371,beginning,start,4,5,,
matched,693,371,body,bikini,1,5,,
matched,693,371,break,board,5,2,,
matched,693,371,car,red,4,4,,
matched,693,371,car,wheel,3,2,,
matched,693,371,car,wheels,2,4,,
matched,693,371,casual,business,2,1,,
matched,693,371,casual,comfortable,1,4,,
matched,693,371,casual,friday,4,4,,
matched,693,371,challenge,class,2,4,,
matched,693,371,challenge,course,3,4,,
matched,693,371,challenge,hard,1,4,,
matched,693,371,chowder,corn,5,2,,
matched,693,371,chowder,soup,5,2,,
matched,693,371,cinema,movie,4,4,,
matched,693,371,cinema,popcorn,1,5,,
matched,693,371,cinema,theater,5,4,,
matched,693,371,closed,business,1,5,,
matched,693,371,closed,closet,3,3,,
matched,693,371,closed,window,2,3,,
matched,693,371,cloth,diaper,1,1,,
matched,693,371,cloth,wash,3,3,,
matched,693,371,common,cards,1,3,,
matched,693,371,common,rare,2,2,,
matched,693,371,common,rotunda,3,2,,
matched,693,371,computer,keyboard,4,2,,
matched,693,371,computer,mouse,5,4,,
matched,693,371,dancer,body,5,3,,
matched,693,371,dancer,grace,4,3,,
matched,693,371,difficult,hard,3,4,,
matched,693,371,difficult,struggle,2,5,,
matched,693,371,melody,dolce,1,3,,
matched,693,371,melody,flute,2,2,,
matched,693,371,melody,harmony,4,4,,
matched,693,371,organize,binder,2,2,,
matched,693,371,organize,folder,3,3,,
matched,693,371,pupil,eye,5,5,,
matched,693,371,pupil,iris,4,3,,
exp,596,374,assist,helpful,1,5,,
exp,596,374,assist,support,2,3,,
exp,596,374,bashful,dwarf,2,2,,
exp,596,374,bashful,shy,5,5,,
exp,596,374,bashful,timid,4,3,,
exp,596,374,before,beginning,1,4,,
exp,596,374,before,previous,2,5,,
exp,596,374,before,prior,5,5,,
exp,596,374,beginning,commence,2,4,,
exp,596,374,beginning,start,5,4,,
exp,596,374,body,complex,2,1,,
exp,596,374,body,human,3,5,,
exp,596,374,break,crash,1,4,,
exp,596,374,break,time,4,1,,
exp,596,374,car,automobile,1,3,,
exp,596,374,car,van,3,4,,
exp,596,374,car,vehicle,4,3,,
exp,596,374,casual,back,4,1,,
exp,596,374,casual,comfortable,2,3,,
exp,596,374,casual,indifferent,1,2,,
exp,596,374,casual,informal,3,4,,
exp,596,374,casual,laid,4,1,,
exp,596,374,challenge,difficult,4,5,,
exp,596,374,challenge,hard,4,5,,
exp,596,374,challenge,task,3,2,,
exp,596,374,chowder,soup,5,5,,
exp,596,374,chowder,thick,3,4,,
exp,596,374,cinema,screen,4,2,,
exp,596,374,cinema,theater,5,5,,
exp,596,374,closed,congested,2,1,,
exp,596,374,closed,open,1,1,,
exp,596,374,cloth,clothing,3,3,,
exp,596,374,cloth,colorful,1,1,,
exp,596,374,cloth,fabric,5,5,,
exp,596,374,common,ordinary,5,5,,
exp,596,374,computer,apple,5,5,,
exp,596,374,computer,desktop,1,2,,
exp,596,374,computer,laptop,3,5,,
exp,596,374,dancer,graceful,3,3,,
exp,596,374,dancer,stage,4,3,,
exp,596,374,dancer,talented,2,5,,
exp,596,374,difficult,challenging,2,5,,
exp,596,374,difficult,easy,5,1,,
exp,596,374,melody,music,4,5,,
exp,596,374,melody,tune,5,5,,
exp,596,374,organize,clean,3,5,,
exp,596,374,organize,systematic,1,1,,
exp,596,374,pupil,novice,1,1,,
exp,596,374,pupil,small,2,1,,
exp,596,374,pupil,student,3,4,,
matched,696,374,assist,helpful,1,4,,
matched,696,374,assist,support,2,4,,
matched,696,374,bashful,dwarf,2,4,,
matched,696,374,bashful,shy,5,5,,
matched,696,374,bashful,timid,4,4,,
matched,696,374,before,beginning,1,3,,
matched,696,374,before,previous,2,4,,
matched,696,374,before,prior,5,3,,
matched,696,374,beginning,commence,2,3,,
matched,696,374,beginning,start,5,4,,
matched,696,374,body,complex,2,1,,
matched,696,374,body,human,3,5,,
matched,696,374,break,crash,1,2,,
matched,696,374,break,time,4,5,,
matched,696,374,car,automobile,1,5,,
matched,696,374,car,van,3,2,,
matched,696,374,car,vehicle,4,5,,
matched,696,374,casual,back,4,1,,
matched,696,374,casual,comfortable,2,3,,
matched,696,374,casual,indifferent,1,1,,
matched,696,374,casual,informal,3,4,,
matched,696,374,casual,laid,4,1,,
matched,696,374,challenge,difficult,4,5,,
matched,696,374,challenge,hard,4,4,,
matched,696,374,challenge,task,3,2,,
matched,696,374,chowder,soup,5,2,,
matched,696,374,chowder,thick,3,5,,
matched,696,374,cinema,screen,4,2,,
matched,696,374,cinema,theater,5,3,,
matched,696,374,closed,congested,2,3,,
matched,696,374,closed,open,1,5,,
matched,696,374,cloth,clothing,3,3,,
matched,696,374,cloth,colorful,1,4,,
matched,696,374,cloth,fabric,5,4,,
matched,696,374,common,ordinary,5,3,,
matched,696,374,computer,apple,5,4,,
matched,696,374,computer,desktop,1,4,,
matched,696,374,computer,laptop,3,5,,
matched,696,374,dancer,graceful,3,2,,
matched,696,374,dancer,stage,4,4,,
matched,696,374,dancer,talented,2,2,,
matched,696,374,difficult,challenging,2,5,,
matched,696,374,difficult,easy,5,1,,
matched,696,374,melody,music,4,4,,
matched,696,374,melody,tune,5,4,,
matched,696,374,organize,clean,3,4,,
matched,696,374,organize,systematic,1,3,,
matched,696,374,pupil,novice,1,2,,
matched,696,374,pupil,small,2,3,,
matched,696,374,pupil,student,3,4,,
exp,561,339,assist,back,3,5,,
exp,561,339,assist,having,1,1,,
exp,561,339,assist,somebody,2,5,,
exp,561,339,assist,support,4,5,,
exp,561,339,bashful,pig,3,5,,
exp,561,339,bashful,timid,5,5,,
exp,561,339,before,ahead,4,5,,
exp,561,339,before,early,5,5,,
exp,561,339,before,the,1,1,,
exp,561,339,beginning,finish,1,1,,
exp,561,339,beginning,pioneer,3,3,,
exp,561,339,beginning,start,5,5,,
exp,561,339,body,fat,3,5,,
exp,561,339,body,masculine,4,5,,
exp,561,339,body,muscle,1,5,,
exp,561,339,break,destroy,1,2,,
exp,561,339,break,hit,2,1,,
exp,561,339,break,smash,3,5,,
exp,561,339,car,metal,4,5,,
exp,561,339,car,shiny,5,5,,
exp,561,339,casual,everyday,5,5,,
exp,561,339,casual,informal,2,3,,
exp,561,339,casual,ordinary,4,5,,
exp,561,339,challenge,duel,4,5,,
exp,561,339,challenge,fight,2,1,,
exp,561,339,challenge,hard,1,1,,
exp,561,339,cinema,drinks,1,3,,
exp,561,339,cinema,movie,2,5,,
exp,561,339,cinema,popcorn,5,3,,
exp,561,339,cinema,theater,4,5,,
exp,561,339,closed,end,3,5,,
exp,561,339,closed,not,4,1,,
exp,561,339,closed,shut,1,1,,
exp,561,339,closed,stop,2,5,,
exp,561,339,cloth,dress,1,4,,
exp,561,339,common,equal,3,3,,
exp,561,339,common,usual,2,5,,
exp,561,339,computer,breakable,5,5,,
exp,561,339,computer,technology,3,5,,
exp,561,339,dancer,feet,1,1,,
exp,561,339,dancer,sexy,5,5,,
exp,561,339,difficult,deal,2,5,,
exp,561,339,difficult,harsh,3,5,,
exp,561,339,melody,harmony,4,4,,
exp,561,339,melody,loud,2,1,,
exp,561,339,melody,music,5,4,,
exp,561,339,melody,tune,3,4,,
exp,561,339,organize,mess,2,1,,
exp,561,339,organize,order,4,5,,
exp,561,339,pupil,see,5,5,,
matched,661,339,assist,back,3,2,,
matched,661,339,assist,having,1,2,,
matched,661,339,assist,somebody,2,5,,
matched,661,339,assist,support,4,5,,
matched,661,339,bashful,pig,3,1,,
matched,661,339,bashful,timid,5,1,,
matched,661,339,before,ahead,4,3,,
matched,661,339,before,early,5,3,,
matched,661,339,before,the,1,5,,
matched,661,339,beginning,finish,1,1,,
matched,661,339,beginning,pioneer,3,1,,
matched,661,339,beginning,start,5,2,,
matched,661,339,body,fat,3,2,,
matched,661,339,body,masculine,4,2,,
matched,661,339,body,muscle,1,1,,
matched,661,339,break,destroy,1,2,,
matched,661,339,break,hit,2,3,,
matched,661,339,break,smash,3,1,,
matched,661,339,car,metal,4,2,,
matched,661,339,car,shiny,5,2,,
matched,661,339,casual,everyday,5,5,,
matched,661,339,casual,informal,2,2,,
matched,661,339,casual,ordinary,4,1,,
matched,661,339,challenge,duel,4,1,,
matched,661,339,challenge,fight,2,1,,
matched,661,339,challenge,hard,1,5,,
matched,661,339,cinema,drinks,1,1,,
matched,661,339,cinema,movie,2,5,,
matched,661,339,cinema,popcorn,5,5,,
matched,661,339,cinema,theater,4,5,,
matched,661,339,closed,end,3,1,,
matched,661,339,closed,not,4,1,,
matched,661,339,closed,shut,1,1,,
matched,661,339,closed,stop,2,1,,
matched,661,339,cloth,dress,1,5,,
matched,661,339,common,equal,3,2,,
matched,661,339,common,usual,2,2,,
matched,661,339,computer,breakable,5,1,,
matched,661,339,computer,technology,3,5,,
matched,661,339,dancer,feet,1,3,,
matched,661,339,dancer,sexy,5,4,,
matched,661,339,difficult,deal,2,1,,
matched,661,339,difficult,harsh,3,3,,
matched,661,339,melody,harmony,4,1,,
matched,661,339,melody,loud,2,1,,
matched,661,339,melody,music,5,5,,
matched,661,339,melody,tune,3,1,,
matched,661,339,organize,mess,2,3,,
matched,661,339,organize,order,4,3,,
matched,661,339,pupil,see,5,1,,
exp,583,361,assist,aid,3,5,,
exp,583,361,assist,help,5,5,,
exp,583,361,assist,hockey,2,2,,
exp,583,361,assist,need,1,1,,
exp,583,361,bashful,embarrassed,2,2,,
exp,583,361,bashful,happy,3,3,,
exp,583,361,bashful,sleepy,1,3,,
exp,583,361,before,after,4,5,,
exp,583,361,before,cartoons,1,1,,
exp,583,361,before,starting,1,1,,
exp,583,361,before,time,2,2,,
exp,583,361,beginning,end,4,5,,
exp,583,361,beginning,finish,1,1,,
exp,583,361,beginning,middle,3,3,,
exp,583,361,beginning,story,2,1,,
exp,583,361,body,leg,2,4,,
exp,583,361,car,truck,3,5,,
exp,583,361,car,wheel,4,3,,
exp,583,361,casual,snazzy,1,1,,
exp,583,361,challenge,class,3,2,,
exp,583,361,challenge,hard,4,1,,
exp,583,361,chowder,clam,5,5,,
exp,583,361,chowder,soup,5,5,,
exp,583,361,cinema,movie,5,2,,
exp,583,361,cinema,popcorn,4,3,,
exp,583,361,cinema,theater,3,5,,
exp,583,361,closed,door,5,2,,
exp,583,361,closed,open,3,5,,
exp,583,361,closed,shut,1,2,,
exp,583,361,closed,window,4,4,,
exp,583,361,cloth,clothes,3,5,,
exp,583,361,cloth,sewing,2,1,,
exp,583,361,common,average,4,3,,
exp,583,361,common,name,3,2,,
exp,583,361,common,place,1,1,,
exp,583,361,computer,mouse,4,4,,
exp,583,361,dancer,grace,1,1,,
exp,583,361,dancer,jazz,2,2,,
exp,583,361,dancer,music,4,4,,
exp,583,361,difficult,challenging,4,5,,
exp,583,361,difficult,hard,5,5,,
exp,583,361,difficult,school,2,2,,
exp,583,361,melody,music,5,5,,
exp,583,361,organize,desk,3,4,,
exp,583,361,organize,file,4,3,,
exp,583,361,organize,folder,2,3,,
exp,583,361,organize,list,5,3,,
exp,583,361,pupil,black,2,1,,
exp,583,361,pupil,eye,5,4,,
exp,583,361,pupil,teacher,1,1,,
matched,683,361,assist,aid,3,,,
matched,683,361,assist,help,5,4,,
matched,683,361,assist,hockey,2,1,,
matched,683,361,assist,need,1,1,,
matched,683,361,bashful,embarrassed,2,2,,
matched,683,361,bashful,happy,3,2,,
matched,683,361,bashful,sleepy,1,1,,
matched,683,361,before,after,4,5,,
matched,683,361,before,cartoons,1,1,,
matched,683,361,before,starting,1,2,,
matched,683,361,before,time,2,2,,
matched,683,361,beginning,end,4,5,,
matched,683,361,beginning,finish,1,4,,
matched,683,361,beginning,middle,3,1,,
matched,683,361,beginning,story,2,1,,
matched,683,361,body,leg,2,2,,
matched,683,361,car,truck,3,5,,
matched,683,361,car,wheel,4,2,,
matched,683,361,casual,snazzy,1,1,,
matched,683,361,challenge,class,3,2,,
matched,683,361,challenge,hard,4,1,,
matched,683,361,chowder,clam,5,2,,
matched,683,361,chowder,soup,5,1,,
matched,683,361,cinema,movie,5,4,,
matched,683,361,cinema,popcorn,4,4,,
matched,683,361,cinema,theater,3,5,,
matched,683,361,closed,door,5,4,,
matched,683,361,closed,open,3,3,,
matched,683,361,closed,shut,1,3,,
matched,683,361,closed,window,4,1,,
matched,683,361,cloth,clothes,3,3,,
matched,683,361,cloth,sewing,2,3,,
matched,683,361,common,average,4,2,,
matched,683,361,common,name,3,1,,
matched,683,361,common,place,1,1,,
matched,683,361,computer,mouse,4,2,,
matched,683,361,dancer,grace,1,1,,
matched,683,361,dancer,jazz,2,1,,
matched,683,361,dancer,music,4,3,,
matched,683,361,difficult,challenging,4,5,,
matched,683,361,difficult,hard,5,4,,
matched,683,361,difficult,school,2,2,,
matched,683,361,melody,music,5,4,,
matched,683,361,organize,desk,3,2,,
matched,683,361,organize,file,4,4,,
matched,683,361,organize,folder,2,4,,
matched,683,361,organize,list,5,2,,
matched,683,361,pupil,black,2,3,,
matched,683,361,pupil,eye,5,5,,
matched,683,361,pupil,teacher,1,2,,
exp,582,360,bashful,embarrassed,5,5,,
exp,582,360,bashful,red,4,5,,
exp,582,360,before,tv,2,2,,
exp,582,360,beginning,omega,2,1,,
exp,582,360,beginning,tomorrow,1,4,,
exp,582,360,body,muscles,1,1,,
exp,582,360,body,women,5,5,,
exp,582,360,break,cigarettes,2,1,,
exp,582,360,car,ford,3,5,,
exp,582,360,car,gas,2,1,,
exp,582,360,car,repairs,1,1,,
exp,582,360,car,toyota,1,2,,
exp,582,360,casual,business,1,5,,
exp,582,360,casual,clothes,4,5,,
exp,582,360,casual,easy,3,2,,
exp,582,360,challenge,life,2,4,,
exp,582,360,challenge,school,3,4,,
exp,582,360,challenge,women,4,5,,
exp,582,360,chowder,chunky,2,1,,
exp,582,360,chowder,clam,4,5,,
exp,582,360,chowder,soup,4,1,,
exp,582,360,cinema,drive-ins,1,4,,
exp,582,360,cinema,money,2,2,,
exp,582,360,cinema,movies,5,5,,
exp,582,360,cinema,popcorn,4,5,,
exp,582,360,closed,bar,4,5,,
exp,582,360,closed,call,2,1,,
exp,582,360,cloth,cleaning,4,5,,
exp,582,360,cloth,washing,2,1,,
exp,582,360,common,beer,2,2,,
exp,582,360,common,computers,3,3,,
exp,582,360,computer,games,4,5,,
exp,582,360,computer,internet,3,4,,
exp,582,360,dancer,broadway,1,1,,
exp,582,360,dancer,erotic,3,5,,
exp,582,360,dancer,stripper,1,5,,
exp,582,360,difficult,hard,2,5,,
exp,582,360,difficult,painful,1,1,,
exp,582,360,difficult,tests,1,4,,
exp,582,360,difficult,women,3,5,,
exp,582,360,melody,drum,1,1,,
exp,582,360,melody,easy,3,1,,
exp,582,360,melody,music,4,5,,
exp,582,360,organize,apartment,2,3,,
exp,582,360,organize,money,1,2,,
exp,582,360,organize,room,3,5,,
exp,582,360,pupil,eye,5,5,,
exp,582,360,pupil,glasses,1,1,,
exp,582,360,pupil,martial,3,3,,
exp,582,360,pupil,student,4,5,,
matched,682,360,bashful,embarrassed,5,2,,
matched,682,360,bashful,red,4,3,,
matched,682,360,before,tv,2,5,,
matched,682,360,beginning,omega,2,2,,
matched,682,360,beginning,tomorrow,1,5,,
matched,682,360,body,muscles,1,1,,
matched,682,360,body,women,5,1,,
matched,682,360,break,cigarettes,2,1,,
matched,682,360,car,ford,3,5,,
matched,682,360,car,gas,2,1,,
matched,682,360,car,repairs,1,5,,
matched,682,360,car,toyota,1,1,,
matched,682,360,casual,business,1,1,,
matched,682,360,casual,clothes,4,1,,
matched,682,360,casual,easy,3,3,,
matched,682,360,challenge,life,2,4,,
matched,682,360,challenge,school,3,1,,
matched,682,360,challenge,women,4,4,,
matched,682,360,chowder,chunky,2,3,,
matched,682,360,chowder,clam,4,1,,
matched,682,360,chowder,soup,4,5,,
matched,682,360,cinema,drive-ins,1,1,,
matched,682,360,cinema,money,2,1,,
matched,682,360,cinema,movies,5,2,,
matched,682,360,cinema,popcorn,4,5,,
matched,682,360,closed,bar,4,3,,
matched,682,360,closed,call,2,3,,
matched,682,360,cloth,cleaning,4,3,,
matched,682,360,cloth,washing,2,1,,
matched,682,360,common,beer,2,2,,
matched,682,360,common,computers,3,1,,
matched,682,360,computer,games,4,4,,
matched,682,360,computer,internet,3,3,,
matched,682,360,dancer,broadway,1,2,,
matched,682,360,dancer,erotic,3,1,,
matched,682,360,dancer,stripper,1,3,,
matched,682,360,difficult,hard,2,5,,
matched,682,360,difficult,painful,1,1,,
matched,682,360,difficult,tests,1,5,,
matched,682,360,difficult,women,3,5,,
matched,682,360,melody,drum,1,1,,
matched,682,360,melody,easy,3,5,,
matched,682,360,melody,music,4,1,,
matched,682,360,organize,apartment,2,1,,
matched,682,360,organize,money,1,2,,
matched,682,360,organize,room,3,4,,
matched,682,360,pupil,eye,5,1,,
matched,682,360,pupil,glasses,1,5,,
matched,682,360,pupil,martial,3,1,,
matched,682,360,pupil,student,4,1,,
exp,559,337,assist,elderly,3,3,,
exp,559,337,assist,help,5,4,,
exp,559,337,bashful,quiet,3,1,,
exp,559,337,before,after,5,5,,
exp,559,337,before,happen,2,1,,
exp,559,337,before,preceding,3,2,,
exp,559,337,beginning,middle,2,2,,
exp,559,337,beginning,start,5,5,,
exp,559,337,body,lotion,2,2,,
exp,559,337,break,sprain,1,2,,
exp,559,337,break,time,2,2,,
exp,559,337,car,automobile,3,4,,
exp,559,337,car,truck,5,5,,
exp,559,337,car,vehicle,2,4,,
exp,559,337,casual,t-shirt,4,3,,
exp,559,337,challenge,goal,2,1,,
exp,559,337,challenge,tough,3,5,,
exp,559,337,challenge,work,1,1,,
exp,559,337,chowder,cloudy,1,1,,
exp,559,337,chowder,soup,4,5,,
exp,559,337,cinema,entertainment,2,2,,
exp,559,337,cinema,popcorn,4,3,,
exp,559,337,cinema,screen,3,1,,
exp,559,337,cinema,theater,1,2,,
exp,559,337,closed,shut,5,5,,
exp,559,337,closed,unavailable,4,2,,
exp,559,337,cloth,clothing,5,5,,
exp,559,337,cloth,rough,4,5,,
exp,559,337,common,known,4,4,,
exp,559,337,common,many,1,4,,
exp,559,337,common,same,2,2,,
exp,559,337,computer,ipod,1,1,,
exp,559,337,computer,keys,5,4,,
exp,559,337,computer,monitor,4,3,,
exp,559,337,dancer,flexible,2,2,,
exp,559,337,dancer,movement,3,4,,
exp,559,337,dancer,music,5,5,,
exp,559,337,dancer,strict,1,1,,
exp,559,337,difficult,tough,4,5,,
exp,559,337,melody,harmony,5,5,,
exp,559,337,melody,main,3,4,,
exp,559,337,melody,notes,1,1,,
exp,559,337,organize,change,1,2,,
exp,559,337,organize,lay,3,3,,
exp,559,337,organize,place,2,3,,
exp,559,337,organize,sort,3,3,,
exp,559,337,organize,straighten,4,4,,
exp,559,337,pupil,black,5,5,,
exp,559,337,pupil,child,1,1,,
exp,559,337,pupil,iris,4,3,,
matched,659,337,assist,elderly,3,1,,
matched,659,337,assist,help,5,2,,
matched,659,337,bashful,quiet,3,2,,
matched,659,337,before,after,5,5,,
matched,659,337,before,happen,2,1,,
matched,659,337,before,preceding,3,1,,
matched,659,337,beginning,middle,2,1,,
matched,659,337,beginning,start,5,2,,
matched,659,337,body,lotion,2,1,,
matched,659,337,break,sprain,1,1,,
matched,659,337,break,time,2,1,,
matched,659,337,car,automobile,3,1,,
matched,659,337,car,truck,5,4,,
matched,659,337,car,vehicle,2,2,,
matched,659,337,casual,t-shirt,4,1,,
matched,659,337,challenge,goal,2,3,,
matched,659,337,challenge,tough,3,4,,
matched,659,337,challenge,work,1,1,,
matched,659,337,chowder,cloudy,1,1,,
matched,659,337,chowder,soup,4,2,,
matched,659,337,cinema,entertainment,2,1,,
matched,659,337,cinema,popcorn,4,2,,
matched,659,337,cinema,screen,3,1,,
matched,659,337,cinema,theater,1,4,,
matched,659,337,closed,shut,5,2,,
matched,659,337,closed,unavailable,4,1,,
matched,659,337,cloth,clothing,5,4,,
matched,659,337,cloth,rough,4,1,,
matched,659,337,common,known,4,3,,
matched,659,337,common,many,1,1,,
matched,659,337,common,same,2,4,,
matched,659,337,computer,ipod,1,3,,
matched,659,337,computer,keys,5,2,,
matched,659,337,computer,monitor,4,2,,
matched,659,337,dancer,flexible,2,1,,
matched,659,337,dancer,movement,3,1,,
matched,659,337,dancer,music,5,3,,
matched,659,337,dancer,strict,1,1,,
matched,659,337,difficult,tough,4,4,,
matched,659,337,melody,harmony,5,2,,
matched,659,337,melody,main,3,1,,
matched,659,337,melody,notes,1,2,,
matched,659,337,organize,change,1,1,,
matched,659,337,organize,lay,3,1,,
matched,659,337,organize,place,2,1,,
matched,659,337,organize,sort,3,2,,
matched,659,337,organize,straighten,4,2,,
matched,659,337,pupil,black,5,1,,
matched,659,337,pupil,child,1,1,,
matched,659,337,pupil,iris,4,1,,
exp,572,350,assist,help,5,5,,
exp,572,350,assist,person,1,3,,
exp,572,350,assist,task,3,3,,
exp,572,350,bashful,shy,5,4,,
exp,572,350,before,happens,3,4,,
exp,572,350,before,prior,4,3,,
exp,572,350,beginning,end,2,3,,
exp,572,350,beginning,start,5,5,,
exp,572,350,body,main,5,5,,
exp,572,350,body,object,2,3,,
exp,572,350,body,part,4,4,,
exp,572,350,body,portion,1,3,,
exp,572,350,break,make,4,4,,
exp,572,350,break,useful,1,4,,
exp,572,350,car,mode,1,2,,
exp,572,350,car,transportation,5,3,,
exp,572,350,car,used,3,3,,
exp,572,350,car,vehicle,2,3,,
exp,572,350,casual,fancy,5,4,,
exp,572,350,casual,relaxed,2,4,,
exp,572,350,casual,simple,1,3,,
exp,572,350,challenge,difficult,2,5,,
exp,572,350,challenge,engage,1,2,,
exp,572,350,challenge,task,4,3,,
exp,572,350,chowder,soup,4,5,,
exp,572,350,chowder,thick,4,4,,
exp,572,350,cinema,movies,2,4,,
exp,572,350,cinema,theater,3,5,,
exp,572,350,closed,open,5,4,,
exp,572,350,cloth,clothing,2,5,,
exp,572,350,cloth,material,5,3,,
exp,572,350,cloth,type,4,4,,
exp,572,350,common,often,3,3,,
exp,572,350,common,throughout,1,3,,
exp,572,350,computer,advanced,3,4,,
exp,572,350,computer,machine,2,4,,
exp,572,350,computer,specifically,1,3,,
exp,572,350,dancer,person,5,5,,
exp,572,350,difficult,complete,2,5,,
exp,572,350,difficult,hard,4,5,,
exp,572,350,melody,part,4,4,,
exp,572,350,melody,song,4,5,,
exp,572,350,melody,voice,1,2,,
exp,572,350,organize,better,1,2,,
exp,572,350,organize,clean,4,3,,
exp,572,350,organize,keep,3,2,,
exp,572,350,pupil,learns,2,4,,
exp,572,350,pupil,person,4,3,,
exp,572,350,pupil,student,4,4,,
exp,572,350,pupil,who,3,3,,
matched,672,350,assist,help,5,4,,
matched,672,350,assist,person,1,1,,
matched,672,350,assist,task,3,1,,
matched,672,350,bashful,shy,5,3,,
matched,672,350,before,happens,3,2,,
matched,672,350,before,prior,4,4,,
matched,672,350,beginning,end,2,5,,
matched,672,350,beginning,start,5,5,,
matched,672,350,body,main,5,2,,
matched,672,350,body,object,2,1,,
matched,672,350,body,part,4,5,,
matched,672,350,body,portion,1,1,,
matched,672,350,break,make,4,2,,
matched,672,350,break,useful,1,4,,
matched,672,350,car,mode,1,3,,
matched,672,350,car,transportation,5,4,,
matched,672,350,car,used,3,4,,
matched,672,350,car,vehicle,2,5,,
matched,672,350,casual,fancy,5,4,,
matched,672,350,casual,relaxed,2,2,,
matched,672,350,casual,simple,1,3,,
matched,672,350,challenge,difficult,2,5,,
matched,672,350,challenge,engage,1,2,,
matched,672,350,challenge,task,4,1,,
matched,672,350,chowder,soup,4,4,,
matched,672,350,chowder,thick,4,1,,
matched,672,350,cinema,movies,2,4,,
matched,672,350,cinema,theater,3,4,,
matched,672,350,closed,open,5,4,,
matched,672,350,cloth,clothing,2,3,,
matched,672,350,cloth,material,5,3,,
matched,672,350,cloth,type,4,2,,
matched,672,350,common,often,3,4,,
matched,672,350,common,throughout,1,2,,
matched,672,350,computer,advanced,3,2,,
matched,672,350,computer,machine,2,2,,
matched,672,350,computer,specifically,1,1,,
matched,672,350,dancer,person,5,2,,
matched,672,350,difficult,complete,2,1,,
matched,672,350,difficult,hard,4,5,,
matched,672,350,melody,part,4,3,,
matched,672,350,melody,song,4,2,,
matched,672,350,melody,voice,1,3,,
matched,672,350,organize,better,1,1,,
matched,672,350,organize,clean,4,2,,
matched,672,350,organize,keep,3,3,,
matched,672,350,pupil,learns,2,2,,
matched,672,350,pupil,person,4,3,,
matched,672,350,pupil,student,4,3,,
matched,672,350,pupil,who,3,1,,
exp,594,372,assist,help,5,5,,
exp,594,372,assist,tutor,1,4,,
exp,594,372,bashful,blush,3,5,,
exp,594,372,bashful,shy,5,5,,
exp,594,372,before,previous,3,5,,
exp,594,372,before,prior,4,5,,
exp,594,372,before,yesterday,5,5,,
exp,594,372,beginning,first,2,5,,
exp,594,372,beginning,puppy,1,1,,
exp,594,372,beginning,start,5,5,,
exp,594,372,body,brain,1,4,,
exp,594,372,body,eyes,5,5,,
exp,594,372,body,legs,3,5,,
exp,594,372,break,drop,1,4,,
exp,594,372,break,rest,2,5,,
exp,594,372,car,aston,3,3,,
exp,594,372,car,gas,1,4,,
exp,594,372,casual,t-shirt,4,5,,
exp,594,372,challenge,biology,2,5,,
exp,594,372,challenge,math,4,5,,
exp,594,372,chowder,chunky,5,5,,
exp,594,372,chowder,creamy,2,5,,
exp,594,372,chowder,fishy,3,5,,
exp,594,372,chowder,gross,4,5,,
exp,594,372,cinema,film,1,5,,
exp,594,372,cinema,movie,5,5,,
exp,594,372,cinema,popcorn,2,4,,
exp,594,372,closed,boxed,3,5,,
exp,594,372,closed,shut,4,5,,
exp,594,372,cloth,cuddly,2,5,,
exp,594,372,cloth,smooth,1,5,,
exp,594,372,cloth,warm,3,5,,
exp,594,372,common,boring,4,5,,
exp,594,372,common,everyday,1,4,,
exp,594,372,common,plain,5,5,,
exp,594,372,computer,facebook,5,5,,
exp,594,372,computer,google,4,5,,
exp,594,372,dancer,ballet,3,5,,
exp,594,372,dancer,graceful,5,4,,
exp,594,372,difficult,challenge,3,4,,
exp,594,372,difficult,failing,1,4,,
exp,594,372,difficult,work,2,5,,
exp,594,372,melody,musical,4,5,,
exp,594,372,melody,notes,2,4,,
exp,594,372,organize,calander,2,4,,
exp,594,372,organize,list,3,5,,
exp,594,372,organize,separate,1,4,,
exp,594,372,organize,sort,4,5,,
exp,594,372,pupil,reactive,2,4,,
exp,594,372,pupil,student,4,4,,
matched,694,372,assist,help,5,5,,
matched,694,372,assist,tutor,1,2,,
matched,694,372,bashful,blush,3,4,,
matched,694,372,bashful,shy,5,5,,
matched,694,372,before,previous,3,5,,
matched,694,372,before,prior,4,5,,
matched,694,372,before,yesterday,5,1,,
matched,694,372,beginning,first,2,5,,
matched,694,372,beginning,puppy,1,1,,
matched,694,372,beginning,start,5,5,,
matched,694,372,body,brain,1,5,,
matched,694,372,body,eyes,5,4,,
matched,694,372,body,legs,3,5,,
matched,694,372,break,drop,1,4,,
matched,694,372,break,rest,2,5,,
matched,694,372,car,aston,3,1,,
matched,694,372,car,gas,1,5,,
matched,694,372,casual,t-shirt,4,4,,
matched,694,372,challenge,biology,2,1,,
matched,694,372,challenge,math,4,2,,
matched,694,372,chowder,chunky,5,1,,
matched,694,372,chowder,creamy,2,1,,
matched,694,372,chowder,fishy,3,1,,
matched,694,372,chowder,gross,4,2,,
matched,694,372,cinema,film,1,5,,
matched,694,372,cinema,movie,5,5,,
matched,694,372,cinema,popcorn,2,5,,
matched,694,372,closed,boxed,3,2,,
matched,694,372,closed,shut,4,5,,
matched,694,372,cloth,cuddly,2,1,,
matched,694,372,cloth,smooth,1,1,,
matched,694,372,cloth,warm,3,2,,
matched,694,372,common,boring,4,2,,
matched,694,372,common,everyday,1,4,,
matched,694,372,common,plain,5,4,,
matched,694,372,computer,facebook,5,5,,
matched,694,372,computer,google,4,5,,
matched,694,372,dancer,ballet,3,5,,
matched,694,372,dancer,graceful,5,5,,
matched,694,372,difficult,challenge,3,5,,
matched,694,372,difficult,failing,1,2,,
matched,694,372,difficult,work,2,5,,
matched,694,372,melody,musical,4,4,,
matched,694,372,melody,notes,2,3,,
matched,694,372,organize,calander,2,3,,
matched,694,372,organize,list,3,5,,
matched,694,372,organize,separate,1,2,,
matched,694,372,organize,sort,4,4,,
matched,694,372,pupil,reactive,2,1,,
matched,694,372,pupil,student,4,2,,
exp,604,382,assist,help,5,5,,
exp,604,382,assist,volunteer,2,1,,
exp,604,382,bashful,cute,2,1,,
exp,604,382,bashful,fun,1,1,,
exp,604,382,before,after,5,5,,
exp,604,382,before,beginning,3,5,,
exp,604,382,before,history,1,1,,
exp,604,382,before,time,2,3,,
exp,604,382,beginning,finish,3,3,,
exp,604,382,beginning,start,5,5,,
exp,604,382,body,fat,3,3,,
exp,604,382,body,part,1,1,,
exp,604,382,body,ugly,2,1,,
exp,604,382,break,time,1,4,,
exp,604,382,car,fast,4,3,,
exp,604,382,casual,chill,3,4,,
exp,604,382,casual,relaxed,4,5,,
exp,604,382,challenge,hard,4,5,,
exp,604,382,challenge,mad,2,3,,
exp,604,382,challenge,work,1,2,,
exp,604,382,cinema,film,3,5,,
exp,604,382,cinema,movie,5,5,,
exp,604,382,closed,enter,1,5,,
exp,604,382,closed,open,5,5,,
exp,604,382,closed,shut,4,4,,
exp,604,382,cloth,clothes,4,5,,
exp,604,382,cloth,cotton,4,3,,
exp,604,382,cloth,wear,3,1,,
exp,604,382,cloth,wool,5,3,,
exp,604,382,common,average,1,5,,
exp,604,382,common,normal,5,5,,
exp,604,382,common,same,3,2,,
exp,604,382,common,usual,2,5,,
exp,604,382,computer,fast,1,2,,
exp,604,382,computer,screen,4,5,,
exp,604,382,computer,technology,2,3,,
exp,604,382,dancer,cool,3,3,,
exp,604,382,dancer,flexible,2,5,,
exp,604,382,dancer,pretty,5,5,,
exp,604,382,difficult,angry,3,4,,
exp,604,382,difficult,hard,5,5,,
exp,604,382,difficult,stress,1,5,,
exp,604,382,melody,notes,3,3,,
exp,604,382,melody,song,5,5,,
exp,604,382,organize,clean,5,5,,
exp,604,382,organize,fix,2,3,,
exp,604,382,organize,schedule,4,5,,
exp,604,382,pupil,big,2,5,,
exp,604,382,pupil,eye,5,5,,
exp,604,382,pupil,iris,1,4,,
matched,704,382,assist,help,5,4,,
matched,704,382,assist,volunteer,2,1,,
matched,704,382,bashful,cute,2,1,,
matched,704,382,bashful,fun,1,1,,
matched,704,382,before,after,5,4,,
matched,704,382,before,beginning,3,4,,
matched,704,382,before,history,1,1,,
matched,704,382,before,time,2,1,,
matched,704,382,beginning,finish,3,4,,
matched,704,382,beginning,start,5,4,,
matched,704,382,body,fat,3,1,,
matched,704,382,body,part,1,1,,
matched,704,382,body,ugly,2,1,,
matched,704,382,break,time,1,2,,
matched,704,382,car,fast,4,3,,
matched,704,382,casual,chill,3,2,,
matched,704,382,casual,relaxed,4,2,,
matched,704,382,challenge,hard,4,5,,
matched,704,382,challenge,mad,2,1,,
matched,704,382,challenge,work,1,1,,
matched,704,382,cinema,film,3,4,,
matched,704,382,cinema,movie,5,4,,
matched,704,382,closed,enter,1,5,,
matched,704,382,closed,open,5,3,,
matched,704,382,closed,shut,4,4,,
matched,704,382,cloth,clothes,4,2,,
matched,704,382,cloth,cotton,4,3,,
matched,704,382,cloth,wear,3,3,,
matched,704,382,cloth,wool,5,1,,
matched,704,382,common,average,1,1,,
matched,704,382,common,normal,5,2,,
matched,704,382,common,same,3,2,,
matched,704,382,common,usual,2,1,,
matched,704,382,computer,fast,1,1,,
matched,704,382,computer,screen,4,2,,
matched,704,382,computer,technology,2,4,,
matched,704,382,dancer,cool,3,1,,
matched,704,382,dancer,flexible,2,2,,
matched,704,382,dancer,pretty,5,1,,
matched,704,382,difficult,angry,3,2,,
matched,704,382,difficult,hard,5,5,,
matched,704,382,difficult,stress,1,3,,
matched,704,382,melody,notes,3,1,,
matched,704,382,melody,song,5,1,,
matched,704,382,organize,clean,5,4,,
matched,704,382,organize,fix,2,1,,
matched,704,382,organize,schedule,4,3,,
matched,704,382,pupil,big,2,1,,
matched,704,382,pupil,eye,5,4,,
matched,704,382,pupil,iris,1,3,,